Item No,Name,Base,Rubber Mount,Qty of Mounts,Pump List,Pump Nett,IP-56 Nett,IP-66 Nett,Base Nett,Rubber Mount Nett
92501226,CR 185-2-2,,,," $26,594.00 "," $13,297.00 ",,,, $11.83 
92501238,CR 185-2,,,," $33,017.00 "," $16,508.50 ",,,, $11.83 
92501255,CR 185-3-3,,,," $39,968.00 "," $19,984.00 ",,,, $11.83 
92501272,CR 185-3,,,," $47,771.00 "," $23,885.50 ",,,, $11.83 
92501285,CR 185-4-3,,,," $48,977.00 "," $24,488.50 ",,,, $11.83 
92501317,CR 185-4,,,," $56,998.00 "," $28,499.00 ",,,, $11.83 
92501757,CR 185-5-3,,,," $63,958.00 "," $31,979.00 ",,,, $11.83 
92501802,CR 185-5,,,," $63,958.00 "," $31,979.00 ",,,, $11.83 
92501840,CR 185-6-3,,,," $72,548.00 "," $36,274.00 ",,,, $11.83 
92501854,CR 185-6,,,," $72,548.00 "," $36,274.00 ",,,, $11.83 
92501868,CR 185-7-3,,,," $84,115.00 "," $42,057.50 ",,,, $11.83 
92501903,CR 185-7,,,," $84,115.00 "," $42,057.50 ",,,, $11.83 
92501925,CR 185-8-3,,,," $99,251.00 "," $49,625.50 ",,,, $11.83 
92501939,CR 185-8,,,," $99,251.00 "," $49,625.50 ",,,, $11.83 
92541252,CR 215-1,,,," $26,594.00 "," $13,297.00 ",,,, $11.83 
92541253,CR 215-2-2,,,," $33,017.00 "," $16,508.50 ",,,, $11.83 
92541254,CR 215-2-1,,,," $39,968.00 "," $19,984.00 ",,,, $11.83 
92541255,CR 215-2,,,," $47,771.00 "," $23,885.50 ",,,, $11.83 
92541256,CR 215-3-2,,,," $48,977.00 "," $24,488.50 ",,,, $11.83 
92541258,CR 215-3,,,," $56,998.00 "," $28,499.00 ",,,, $11.83 
92541260,CR 215-4-2,,,," $63,958.00 "," $31,979.00 ",,,, $11.83 
92541261,CR 215-4,,,," $71,342.00 "," $35,671.00 ",,,, $11.83 
92541262,CR 215-5-2,,,," $72,548.00 "," $36,274.00 ",,,, $11.83 
92541263,CR 215-5,,,," $84,115.00 "," $42,057.50 ",,,, $11.83 
92541265,CR 215-6-3,,,," $85,321.00 "," $42,660.50 ",,,, $11.83 
92541266,CR 215-6,,,," $99,251.00 "," $49,625.50 ",,,, $11.83 
92541267,CR 215-7-2,,,," $100,457.00 "," $50,228.50 ",,,, $11.83 
92541462,CR 255-1-1,,,," $22,224.00 "," $11,112.00 ",,,, $11.83 
92541463,CR 255-1,,,," $33,025.00 "," $16,512.50 ",,,, $11.83 
92541464,CR 255-2-2,,,," $39,978.00 "," $19,989.00 ",,,, $11.83 
92541465,CR 255-2,,,," $48,989.00 "," $24,494.50 ",,,, $11.83 
92541466,CR 255-3-2,,,," $57,013.00 "," $28,506.50 ",,,, $11.83 
92541467,CR 255-3,,,," $63,974.00 "," $31,987.00 ",,,, $11.83 
92541468,CR 255-4-2,,,," $72,567.00 "," $36,283.50 ",,,, $11.83 
92541469,CR 255-4,,,," $84,137.00 "," $42,068.50 ",,,, $11.83 
92541480,CR 255-5-3,,,," $85,343.00 "," $42,671.50 ",,,, $11.83 
92541481,CR 255-5,,,," $99,277.00 "," $49,638.50 ",,,, $11.83 
92541482,CR 255-6-2,,,," $100,483.00 "," $50,241.50 ",,,, $11.83 
92899676,CR 1S-27,,,," $3,110.00 "," $1,555.00 ",,,, $11.83 
92899679,CR 1S-2,,,," $1,325.00 ", $662.50 ,,,, $11.83 
92899721,CR 1S-3,,,," $1,372.00 ", $686.00 ,,,, $11.83 
92899722,CR 1S-4,,,," $1,420.00 ", $710.00 ,,,, $11.83 
92899723,CR 1S-5,,,," $1,467.00 ", $733.50 ,,,, $11.83 
92899724,CR 1S-6,,,," $1,515.00 ", $757.50 ,,,, $11.83 
92899725,CR 1S-7,,,," $1,564.00 ", $782.00 ,,,, $11.83 
92899726,CR 1S-8,,,," $1,611.00 ", $805.50 ,,,, $11.83 
92899727,CR 1S-9,,,," $1,658.00 ", $829.00 ,,,, $11.83 
92899728,CR 1S-10,,,," $1,707.00 ", $853.50 ,,,, $11.83 
92899729,CR 1S-11,,,," $1,754.00 ", $877.00 ,,,, $11.83 
92899730,CR 1S-12,,,," $1,801.00 ", $900.50 ,,,, $11.83 
92899731,CR 1S-13,,,," $1,850.00 ", $925.00 ,,,, $11.83 
92899732,CR 1S-15,,,," $1,957.00 ", $978.50 ,,,, $11.83 
92899734,CR 1S-17,,,," $2,080.00 "," $1,040.00 ",,,, $11.83 
92899735,CR 1S-19,,,," $2,201.00 "," $1,100.50 ",,,, $11.83 
92899736,CR 1S-21,,,," $2,502.00 "," $1,251.00 ",,,, $11.83 
92899737,CR 1S-23,,,," $2,623.00 "," $1,311.50 ",,,, $11.83 
92899738,CR 1S-25,,,," $2,745.00 "," $1,372.50 ",,,, $11.83 
92899761,CR 1S-2,,,," $1,411.00 ", $705.50 ,,,, $11.83 
92899762,CR 1S-3,,,," $1,458.00 ", $729.00 ,,,, $11.83 
92899764,CR 1S-4,,,," $1,506.00 ", $753.00 ,,,, $11.83 
92899765,CR 1S-5,,,," $1,553.00 ", $776.50 ,,,, $11.83 
92899766,CR 1S-6,,,," $1,601.00 ", $800.50 ,,,, $11.83 
92899768,CR 1S-7,,,," $1,649.00 ", $824.50 ,,,, $11.83 
92899769,CR 1S-8,,,," $1,697.00 ", $848.50 ,,,, $11.83 
92899790,CR 1S-9,,,," $1,745.00 ", $872.50 ,,,, $11.83 
92899792,CR 1S-10,,,," $1,793.00 ", $896.50 ,,,, $11.83 
92899793,CR 1S-11,,,," $1,841.00 ", $920.50 ,,,, $11.83 
92899794,CR 1S-12,,,," $1,888.00 ", $944.00 ,,,, $11.83 
92899795,CR 1S-13,,,," $1,936.00 ", $968.00 ,,,, $11.83 
92899796,CR 1S-15,,,," $2,044.00 "," $1,022.00 ",,,, $11.83 
92899797,CR 1S-17,,,," $2,165.00 "," $1,082.50 ",,,, $11.83 
92899798,CR 1S-19,,,," $2,287.00 "," $1,143.50 ",,,, $11.83 
92899799,CR 1S-21,,,," $2,588.00 "," $1,294.00 ",,,, $11.83 
92899800,CR 1S-23,,,," $2,710.00 "," $1,355.00 ",,,, $11.83 
92899801,CR 1S-25,,,," $2,831.00 "," $1,415.50 ",,,, $11.83 
92899803,CR 1S-30,,,," $3,298.00 "," $1,649.00 ",,,, $11.83 
92899805,CR 1S-33,,,," $3,478.00 "," $1,739.00 ",,,, $11.83 
92899807,CR 1S-36,,,," $3,659.00 "," $1,829.50 ",,,, $11.83 
92900962,CR 1-2,,,," $1,376.00 ", $688.00 ,,,, $11.83 
92900963,CR 1-3,,,," $1,426.00 ", $713.00 ,,,, $11.83 
92900965,CR 1-4,,,," $1,476.00 ", $738.00 ,,,, $11.83 
92900969,CR 1-5,,,," $1,526.00 ", $763.00 ,,,, $11.83 
92900970,CR 1-6,,,," $1,576.00 ", $788.00 ,,,, $11.83 
92900972,CR 1-7,,,," $1,626.00 ", $813.00 ,,,, $11.83 
92900974,CR 1-8,,,," $1,701.00 ", $850.50 ,,,, $11.83 
92900977,CR 1-9,,,," $1,733.00 ", $866.50 ,,,, $11.83 
92900978,CR 1-10,,,," $1,811.00 ", $905.50 ,,,, $11.83 
92900981,CR 1-11,,,," $1,888.00 ", $944.00 ,,,, $11.83 
92900982,CR 1-12,,,," $2,060.00 "," $1,030.00 ",,,, $11.83 
92900983,CR 1-13,,,," $2,132.00 "," $1,066.00 ",,,, $11.83 
92900986,CR 1-15,,,," $2,287.00 "," $1,143.50 ",,,, $11.83 
92901032,CR 1-2,,,," $1,467.00 ", $733.50 ,,,, $11.83 
92901033,CR 1-3,,,," $1,516.00 ", $758.00 ,,,, $11.83 
92901034,CR 1-4,,,," $1,566.00 ", $783.00 ,,,, $11.83 
92901036,CR 1-5,,,," $1,616.00 ", $808.00 ,,,, $11.83 
92901037,CR 1-6,,,," $1,667.00 ", $833.50 ,,,, $11.83 
92901038,CR 1-7,,,," $1,717.00 ", $858.50 ,,,, $11.83 
92901039,CR 1-8,,,," $1,791.00 ", $895.50 ,,,, $11.83 
92901040,CR 1-9,,,," $1,824.00 ", $912.00 ,,,, $11.83 
92901041,CR 1-10,,,," $1,902.00 ", $951.00 ,,,, $11.83 
92901044,CR 1-11,,,," $1,979.00 ", $989.50 ,,,, $11.83 
92901045,CR 1-12,,,," $2,150.00 "," $1,075.00 ",,,, $11.83 
92901046,CR 1-13,,,," $2,222.00 "," $1,111.00 ",,,, $11.83 
92901047,CR 1-15,,,," $2,377.00 "," $1,188.50 ",,,, $11.83 
92901048,CR 1-25,,,," $3,535.00 "," $1,767.50 ",,,, $11.83 
92901049,CR 1-27,,,," $3,689.00 "," $1,844.50 ",,,, $11.83 
92901050,CR 1-30,,,," $3,928.00 "," $1,964.00 ",,,, $11.83 
92901051,CR 1-33,,,," $4,391.00 "," $2,195.50 ",,,, $11.83 
92901052,CR 1-36,,,," $4,630.00 "," $2,315.00 ",,,, $11.83 
92901382,CR 1-17,,,," $2,562.00 "," $1,281.00 ",,,, $11.83 
92901383,CR 1-19,,,," $2,717.00 "," $1,358.50 ",,,, $11.83 
92901384,CR 1-21,,,," $2,872.00 "," $1,436.00 ",,,, $11.83 
92901385,CR 1-23,,,," $3,034.00 "," $1,517.00 ",,,, $11.83 
92901390,CR 1-17,,,," $2,652.00 "," $1,326.00 ",,,, $11.83 
92901391,CR 1-19,,,," $2,807.00 "," $1,403.50 ",,,, $11.83 
92901392,CR 1-21,,,," $2,963.00 "," $1,481.50 ",,,, $11.83 
92901393,CR 1-23,,,," $3,124.00 "," $1,562.00 ",,,, $11.83 
92901485,CR 3-2,,,," $1,366.00 ", $683.00 ,,,, $11.83 
92901487,CR 3-3,,,," $1,438.00 ", $719.00 ,,,, $11.83 
92901488,CR 3-4,,,," $1,515.00 ", $757.50 ,,,, $11.83 
92901489,CR 3-5,,,," $1,587.00 ", $793.50 ,,,, $11.83 
92901490,CR 3-6,,,," $1,661.00 ", $830.50 ,,,, $11.83 
92901491,CR 3-7,,,," $1,738.00 ", $869.00 ,,,, $11.83 
92901492,CR 3-8,,,," $1,932.00 ", $966.00 ,,,, $11.83 
92901493,CR 3-9,,,," $2,010.00 "," $1,005.00 ",,,, $11.83 
92901494,CR 3-10,,,," $2,089.00 "," $1,044.50 ",,,, $11.83 
92901495,CR 3-11,,,," $2,335.00 "," $1,167.50 ",,,, $11.83 
92901497,CR 3-12,,,," $2,412.00 "," $1,206.00 ",,,, $11.83 
92901498,CR 3-13,,,," $2,489.00 "," $1,244.50 ",,,, $11.83 
92901499,CR 3-15,,,," $2,651.00 "," $1,325.50 ",,,, $11.83 
92901510,CR 3-17,,,," $3,090.00 "," $1,545.00 ",,,, $11.83 
92901511,CR 3-19,,,," $3,251.00 "," $1,625.50 ",,,, $11.83 
92901512,CR 3-21,,,," $3,364.00 "," $1,682.00 ",,,, $11.83 
92901513,CR 3-23,,,," $3,525.00 "," $1,762.50 ",,,, $11.83 
92901531,CR 3-2,,,," $1,456.00 ", $728.00 ,,,, $11.83 
92901532,CR 3-3,,,," $1,528.00 ", $764.00 ,,,, $11.83 
92901533,CR 3-4,,,," $1,606.00 ", $803.00 ,,,, $11.83 
92901534,CR 3-5,,,," $1,678.00 ", $839.00 ,,,, $11.83 
92901535,CR 3-6,,,," $1,752.00 ", $876.00 ,,,, $11.83 
92901536,CR 3-7,,,," $1,829.00 ", $914.50 ,,,, $11.83 
92901537,CR 3-8,,,," $2,022.00 "," $1,011.00 ",,,, $11.83 
92901538,CR 3-9,,,," $2,100.00 "," $1,050.00 ",,,, $11.83 
92901539,CR 3-10,,,," $2,179.00 "," $1,089.50 ",,,, $11.83 
92901540,CR 3-11,,,," $2,425.00 "," $1,212.50 ",,,, $11.83 
92901541,CR 3-12,,,," $2,502.00 "," $1,251.00 ",,,, $11.83 
92901542,CR 3-13,,,," $2,579.00 "," $1,289.50 ",,,, $11.83 
92901543,CR 3-15,,,," $2,741.00 "," $1,370.50 ",,,, $11.83 
92901544,CR 3-17,,,," $3,181.00 "," $1,590.50 ",,,, $11.83 
92901545,CR 3-19,,,," $3,341.00 "," $1,670.50 ",,,, $11.83 
92901546,CR 3-21,,,," $3,454.00 "," $1,727.00 ",,,, $11.83 
92901547,CR 3-23,,,," $3,615.00 "," $1,807.50 ",,,, $11.83 
92901548,CR 3-25,,,," $3,758.00 "," $1,879.00 ",,,, $11.83 
92901549,CR 3-27,,,," $3,913.00 "," $1,956.50 ",,,, $11.83 
92901550,CR 3-29,,,," $4,075.00 "," $2,037.50 ",,,, $11.83 
92902347,CR 5-2,,,," $1,550.00 ", $775.00 ,,,, $11.83 
92902349,CR 5-3,,,," $1,655.00 ", $827.50 ,,,, $11.83 
92902360,CR 5-4,,,," $1,776.00 ", $888.00 ,,,, $11.83 
92902361,CR 5-5,,,," $1,993.00 ", $996.50 ,,,, $11.83 
92902362,CR 5-6,,,," $2,187.00 "," $1,093.50 ",,,, $11.83 
92902363,CR 5-7,,,," $2,263.00 "," $1,131.50 ",,,, $11.83 
92902365,CR 5-8,,,," $2,333.00 "," $1,166.50 ",,,, $11.83 
92902366,CR 5-9,,,," $2,744.00 "," $1,372.00 ",,,, $11.83 
92902367,CR 5-10,,,," $2,820.00 "," $1,410.00 ",,,, $11.83 
92902368,CR 5-11,,,," $3,072.00 "," $1,536.00 ",,,, $11.83 
92902369,CR 5-12,,,," $3,150.00 "," $1,575.00 ",,,, $11.83 
92902370,CR 5-13,,,," $3,226.00 "," $1,613.00 ",,,, $11.83 
92902371,CR 5-14,,,," $3,308.00 "," $1,654.00 ",,,, $11.83 
92902372,CR 5-15,,,," $3,385.00 "," $1,692.50 ",,,, $11.83 
92902373,CR 5-16,,,," $3,461.00 "," $1,730.50 ",,,, $11.83 
92902391,CR 5-2,,,," $1,639.00 ", $819.50 ,,,, $11.83 
92902392,CR 5-3,,,," $1,745.00 ", $872.50 ,,,, $11.83 
92902393,CR 5-4,,,," $1,864.00 ", $932.00 ,,,, $11.83 
92902394,CR 5-5,,,," $2,082.00 "," $1,041.00 ",,,, $11.83 
92902395,CR 5-6,,,," $2,276.00 "," $1,138.00 ",,,, $11.83 
92902396,CR 5-7,,,," $2,351.00 "," $1,175.50 ",,,, $11.83 
92902397,CR 5-8,,,," $2,422.00 "," $1,211.00 ",,,, $11.83 
92902398,CR 5-9,,,," $2,833.00 "," $1,416.50 ",,,, $11.83 
92902400,CR 5-10,,,," $2,909.00 "," $1,454.50 ",,,, $11.83 
92902401,CR 5-11,,,," $3,161.00 "," $1,580.50 ",,,, $11.83 
92902402,CR 5-12,,,," $3,239.00 "," $1,619.50 ",,,, $11.83 
92902403,CR 5-13,,,," $3,315.00 "," $1,657.50 ",,,, $11.83 
92902404,CR 5-14,,,," $3,397.00 "," $1,698.50 ",,,, $11.83 
92902405,CR 5-15,,,," $3,473.00 "," $1,736.50 ",,,, $11.83 
92902406,CR 5-16,,,," $3,550.00 "," $1,775.00 ",,,, $11.83 
92959539,CR 1S-27,,,," $3,023.00 "," $1,511.50 ",,,, $11.83 
92959550,CR 10-1,,,," $2,000.00 "," $1,000.00 ",,,, $11.83 
92959551,CR 10-2,,,," $2,318.00 "," $1,159.00 ",,,, $11.83 
92959552,CR 10-3,,,," $2,831.00 "," $1,415.50 ",,,, $11.83 
92959623,CR 10-4,,,," $3,256.00 "," $1,628.00 ",,,, $11.83 
92959626,CR 10-5,,,," $3,538.00 "," $1,769.00 ",,,, $11.83 
92959628,CR 10-6,,,," $3,373.00 "," $1,686.50 ",,,, $11.83 
92959640,CR 15-1,,,," $2,959.00 "," $1,479.50 ",,,, $11.83 
92959642,CR 15-2,,,," $3,795.00 "," $1,897.50 ",,,, $11.83 
92959643,CR 20-1,,,," $2,968.00 "," $1,484.00 ",,,, $11.83 
92959645,CR 20-2,,,," $3,803.00 "," $1,901.50 ",,,, $11.83 
96121950,CR 32-1-1,,,," $3,776.00 "," $1,888.00 ",,,, $11.83 
96121951,CR 32-1,,,," $4,032.00 "," $2,016.00 ",,,, $11.83 
96121952,CR 32-2-2,,,," $4,659.00 "," $2,329.50 ",,,, $11.83 
96122009,CR 32-2,,,," $5,459.00 "," $2,729.50 ",,,, $11.83 
96122010,CR 32-3-2,,,," $6,866.00 "," $3,433.00 ",,,, $11.83 
96122011,CR 32-3,,,," $6,866.00 "," $3,433.00 ",,,, $11.83 
96122012,CR 32-4-2,,,," $8,513.00 "," $4,256.50 ",,,, $11.83 
96122013,CR 32-4,,,," $8,513.00 "," $4,256.50 ",,,, $11.83 
96122014,CR 32-5-2,,,," $10,705.00 "," $5,352.50 ",,,, $11.83 
96122015,CR 32-5,,,," $10,705.00 "," $5,352.50 ",,,, $11.83 
96122016,CR 32-6-2,,,," $11,299.00 "," $5,649.50 ",,,, $11.83 
96122017,CR 32-6,,,," $11,299.00 "," $5,649.50 ",,,, $11.83 
96122018,CR 32-7-2,,,," $13,294.00 "," $6,647.00 ",,,, $11.83 
96122019,CR 32-7,,,," $13,294.00 "," $6,647.00 ",,,, $11.83 
96122020,CR 32-8-2,,,," $13,878.00 "," $6,939.00 ",,,, $11.83 
96122021,CR 32-8,,,," $13,878.00 "," $6,939.00 ",,,, $11.83 
96122022,CR 32-9-2,,,," $15,757.00 "," $7,878.50 ",,,, $11.83 
96122023,CR 32-9,,,," $15,757.00 "," $7,878.50 ",,,, $11.83 
96122024,CR 32-10-2,,,," $16,333.00 "," $8,166.50 ",,,, $11.83 
96122025,CR 32-10,,,," $16,333.00 "," $8,166.50 ",,,, $11.83 
96122026,CR 32-11-2,,,," $18,318.00 "," $9,159.00 ",,,, $11.83 
96122027,CR 32-11,,,," $18,318.00 "," $9,159.00 ",,,, $11.83 
96122028,CR 32-12-2,,,," $18,926.00 "," $9,463.00 ",,,, $11.83 
96122029,CR 32-12,,,," $18,926.00 "," $9,463.00 ",,,, $11.83 
96122030,CR 32-13-2,,,," $21,321.00 "," $10,660.50 ",,,, $11.83 
96122031,CR 32-13,,,," $21,321.00 "," $10,660.50 ",,,, $11.83 
96122032,CR 32-14-2,,,," $21,904.00 "," $10,952.00 ",,,, $11.83 
96122033,CR 32-14,,,," $21,904.00 "," $10,952.00 ",,,, $11.83 
96122746,CR 45-1-1,,,," $4,422.00 "," $2,211.00 ",,,, $11.83 
96122797,CR 45-1,,,," $5,306.00 "," $2,653.00 ",,,, $11.83 
96122798,CR 45-2-2,,,," $6,709.00 "," $3,354.50 ",,,, $11.83 
96122799,CR 45-2,,,," $8,477.00 "," $4,238.50 ",,,, $11.83 
96122800,CR 45-3-2,,,," $10,722.00 "," $5,361.00 ",,,, $11.83 
96122801,CR 45-3,,,," $10,722.00 "," $5,361.00 ",,,, $11.83 
96122802,CR 45-4-2,,,," $13,315.00 "," $6,657.50 ",,,, $11.83 
96122803,CR 45-4,,,," $13,315.00 "," $6,657.50 ",,,, $11.83 
96122804,CR 45-5-2,,,," $15,840.00 "," $7,920.00 ",,,, $11.83 
96122805,CR 45-5,,,," $15,840.00 "," $7,920.00 ",,,, $11.83 
96122806,CR 45-6-2,,,," $17,974.00 "," $8,987.00 ",,,, $11.83 
96122807,CR 45-6,,,," $17,974.00 "," $8,987.00 ",,,, $11.83 
96122808,CR 45-7-2,,,," $19,596.00 "," $9,798.00 ",,,, $11.83 
96122809,CR 45-7,,,," $19,596.00 "," $9,798.00 ",,,, $11.83 
96122810,CR 45-8-2,,,," $20,236.00 "," $10,118.00 ",,,, $11.83 
96122811,CR 45-8,,,," $20,236.00 "," $10,118.00 ",,,, $11.83 
96122812,CR 45-9-2,,,," $20,876.00 "," $10,438.00 ",,,, $11.83 
96122813,CR 45-9,,,," $22,731.00 "," $11,365.50 ",,,, $11.83 
96122814,CR 45-10-2,,,," $23,322.00 "," $11,661.00 ",,,, $11.83 
96122815,CR 45-10,,,," $23,322.00 "," $11,661.00 ",,,, $11.83 
96122816,CR 45-11-2,,,," $30,311.00 "," $15,155.50 ",,,, $11.83 
96122817,CR 45-11,,,," $30,311.00 "," $15,155.50 ",,,, $11.83 
96122818,CR 45-12-2,,,," $31,006.00 "," $15,503.00 ",,,, $11.83 
96122819,CR 45-12,,,," $31,006.00 "," $15,503.00 ",,,, $11.83 
96122820,CR 45-13-2,,,," $31,702.00 "," $15,851.00 ",,,, $11.83 
96123526,CR 64-1-1,,,," $5,245.00 "," $2,622.50 ",,,, $11.83 
96123527,CR 64-1,,,," $6,843.00 "," $3,421.50 ",,,, $11.83 
96123528,CR 64-2-2,,,," $8,295.00 "," $4,147.50 ",,,, $11.83 
96123529,CR 64-2-1,,,," $9,649.00 "," $4,824.50 ",,,, $11.83 
96123530,CR 64-2,,,," $9,649.00 "," $4,824.50 ",,,, $11.83 
96123531,CR 64-3-2,,,," $12,838.00 "," $6,419.00 ",,,, $11.83 
96123532,CR 64-3-1,,,," $12,838.00 "," $6,419.00 ",,,, $11.83 
96123533,CR 64-3,,,," $14,754.00 "," $7,377.00 ",,,, $11.83 
96123534,CR 64-4-2,,,," $15,454.00 "," $7,727.00 ",,,, $11.83 
96123535,CR 64-4-1,,,," $17,156.00 "," $8,578.00 ",,,, $11.83 
96123536,CR 64-4,,,," $17,156.00 "," $8,578.00 ",,,, $11.83 
96123537,CR 64-5-2,,,," $18,303.00 "," $9,151.50 ",,,, $11.83 
96123538,CR 64-5-1,,,," $18,303.00 "," $9,151.50 ",,,, $11.83 
96123539,CR 64-5,,,," $18,303.00 "," $9,151.50 ",,,, $11.83 
96123540,CR 64-6-2,,,," $18,998.00 "," $9,499.00 ",,,, $11.83 
96123541,CR 64-6-1,,,," $22,383.00 "," $11,191.50 ",,,, $11.83 
96123542,CR 64-6,,,," $22,383.00 "," $11,191.50 ",,,, $11.83 
96123543,CR 64-7-2,,,," $23,077.00 "," $11,538.50 ",,,, $11.83 
96123544,CR 64-7-1,,,," $23,077.00 "," $11,538.50 ",,,, $11.83 
96123545,CR 64-7,,,," $30,457.00 "," $15,228.50 ",,,, $11.83 
96123546,CR 64-8-2,,,," $31,146.00 "," $15,573.00 ",,,, $11.83 
96123547,CR 64-8-1,,,," $31,146.00 "," $15,573.00 ",,,, $11.83 
96500326,CR 20-1,,,," $2,637.00 "," $1,318.50 ",,,, $11.83 
96500327,CR 20-2,,,," $3,323.00 "," $1,661.50 ",,,, $11.83 
96500509,CR 20-3,,,," $4,681.00 "," $2,340.50 ",,,, $11.83 
96500510,CR 20-4,,,," $5,534.00 "," $2,767.00 ",,,, $11.83 
96500511,CR 20-5,,,," $5,791.00 "," $2,895.50 ",,,, $11.83 
96500512,CR 20-6,,,," $6,703.00 "," $3,351.50 ",,,, $11.83 
96500513,CR 20-7,,,," $6,965.00 "," $3,482.50 ",,,, $11.83 
96500514,CR 20-8,,,," $8,551.00 "," $4,275.50 ",,,, $11.83 
96500515,CR 20-10,,,," $9,072.00 "," $4,536.00 ",,,, $11.83 
96500516,CR 20-12,,,," $11,081.00 "," $5,540.50 ",,,, $11.83 
96500517,CR 20-14,,,," $11,600.00 "," $5,800.00 ",,,, $11.83 
96500518,CR 20-17,,,," $13,831.00 "," $6,915.50 ",,,, $11.83 
96500963,CR 10-1,,,," $1,919.00 ", $959.50 ,,,, $11.83 
96500964,CR 10-2,,,," $2,113.00 "," $1,056.50 ",,,, $11.83 
96500965,CR 10-3,,,," $2,492.00 "," $1,246.00 ",,,, $11.83 
96500966,CR 10-4,,,," $2,803.00 "," $1,401.50 ",,,, $11.83 
96500967,CR 10-5,,,," $3,045.00 "," $1,522.50 ",,,, $11.83 
96500968,CR 10-6,,,," $3,209.00 "," $1,604.50 ",,,, $11.83 
96500969,CR 10-7,,,," $3,535.00 "," $1,767.50 ",,,, $11.83 
96500970,CR 10-8,,,," $3,699.00 "," $1,849.50 ",,,, $11.83 
96500971,CR 10-9,,,," $3,870.00 "," $1,935.00 ",,,, $11.83 
96500980,CR 10-2,,,," $2,110.00 "," $1,055.00 "," $1,280.00 ",,, $11.83 
96501219,CR 10-10,,,," $4,421.00 "," $2,210.50 ",,,, $11.83 
96501220,CR 10-12,,,," $4,765.00 "," $2,382.50 ",,,, $11.83 
96501221,CR 10-14,,,," $5,554.00 "," $2,777.00 ",,,, $11.83 
96501222,CR 10-16,,,," $5,896.00 "," $2,948.00 ",,,, $11.83 
96501223,CR 10-18,,,," $6,405.00 "," $3,202.50 ",,,, $11.83 
96501224,CR 10-20,,,," $6,742.00 "," $3,371.00 ",,,, $11.83 
96501225,CR 10-22,,,," $7,083.00 "," $3,541.50 ",,,, $11.83 
96501697,CR 15-1,,,," $2,622.00 "," $1,311.00 ",,,, $11.83 
96501698,CR 15-2,,,," $3,305.00 "," $1,652.50 ",,,, $11.83 
96501699,CR 15-3,,,," $3,820.00 "," $1,910.00 ",,,, $11.83 
96501895,CR 15-4,,,," $4,437.00 "," $2,218.50 ",,,, $11.83 
96501896,CR 15-5,,,," $4,657.00 "," $2,328.50 ",,,, $11.83 
96501897,CR 15-6,,,," $5,541.00 "," $2,770.50 ",,,, $11.83 
96501898,CR 15-7,,,," $5,761.00 "," $2,880.50 ",,,, $11.83 
96501899,CR 15-8,,,," $6,704.00 "," $3,352.00 ",,,, $11.83 
96501900,CR 15-9,,,," $6,929.00 "," $3,464.50 ",,,, $11.83 
96501901,CR 15-10,,,," $8,141.00 "," $4,070.50 ",,,, $11.83 
96501902,CR 15-12,,,," $8,579.00 "," $4,289.50 ",,,, $11.83 
96501903,CR 15-14,,,," $9,025.00 "," $4,512.50 ",,,, $11.83 
96501904,CR 15-17,,,," $11,540.00 "," $5,770.00 ",,,, $11.83 
96509508,CR 3-5,,,," $1,505.00 ", $752.50 ,,,, $11.83 
96511750,CR 5-8,,,," $2,071.00 "," $1,035.50 ",,,, $11.83 
96513381,CR 5-22,,,," $3,618.00 "," $1,809.00 ",,,, $11.83 
96513390,CR 5-24,,,," $3,770.00 "," $1,885.00 ",,,, $11.83 
96513391,CR 5-26,,,," $3,928.00 "," $1,964.00 ",,,, $11.83 
96513392,CR 5-29,,,," $4,156.00 "," $2,078.00 ",,,, $11.83 
96513393,CR 5-32,,,," $4,727.00 "," $2,363.50 ",,,, $11.83 
96513394,CR 5-36,,,," $5,028.00 "," $2,514.00 ",,,, $11.83 
96515537,CR 1S-2,,,," $1,238.00 ", $619.00 ,,,, $11.83 
96515549,CR 1S-3,,,," $1,285.00 ", $642.50 ,,,, $11.83 
96515551,CR 1S-4,,,," $1,334.00 ", $667.00 ,,,, $11.83 
96515552,CR 1S-5,,,," $1,380.00 ", $690.00 ,,,, $11.83 
96515553,CR 1S-6,,,," $1,428.00 ", $714.00 ,,,, $11.83 
96515555,CR 1S-7,,,," $1,475.00 ", $737.50 ,,,, $11.83 
96515557,CR 1S-8,,,," $1,523.00 ", $761.50 ,,,, $11.83 
96515558,CR 1S-9,,,," $1,571.00 ", $785.50 ,,,, $11.83 
96515560,CR 1S-10,,,," $1,618.00 ", $809.00 ,,,, $11.83 
96515561,CR 1S-11,,,," $1,666.00 ", $833.00 ,,,, $11.83 
96515562,CR 1S-12,,,," $1,712.00 ", $856.00 ,,,, $11.83 
96515563,CR 1S-13,,,," $1,759.00 ", $879.50 ,,,, $11.83 
96515564,CR 1S-15,,,," $1,833.00 ", $916.50 ,,,, $11.83 
96515565,CR 1S-17,,,," $1,954.00 ", $977.00 ,,,, $11.83 
96515566,CR 1S-19,,,," $2,075.00 "," $1,037.50 ",,,, $11.83 
96515567,CR 1S-21,,,," $2,286.00 "," $1,143.00 ",,,, $11.83 
96515568,CR 1S-23,,,," $2,406.00 "," $1,203.00 ",,,, $11.83 
96515569,CR 1S-25,,,," $2,529.00 "," $1,264.50 ",,,, $11.83 
96515570,CR 1S-27,,,," $2,675.00 "," $1,337.50 ",,,, $11.83 
96515647,CR 1S-2,,,," $1,323.00 ", $661.50 ,,,, $11.83 
96515649,CR 1S-3,,,," $1,371.00 ", $685.50 ,,,, $11.83 
96515650,CR 1S-4,,,," $1,419.00 ", $709.50 ,,,, $11.83 
96515652,CR 1S-5,,,," $1,465.00 ", $732.50 ,,,, $11.83 
96515654,CR 1S-6,,,," $1,513.00 ", $756.50 ,,,, $11.83 
96515655,CR 1S-7,,,," $1,560.00 ", $780.00 ,,,, $11.83 
96515656,CR 1S-8,,,," $1,608.00 ", $804.00 ,,,, $11.83 
96515657,CR 1S-9,,,," $1,656.00 ", $828.00 ,,,, $11.83 
96515658,CR 1S-10,,,," $1,703.00 ", $851.50 ,,,, $11.83 
96515660,CR 1S-11,,,," $1,751.00 ", $875.50 ,,,, $11.83 
96515661,CR 1S-12,,,," $1,798.00 ", $899.00 ,,,, $11.83 
96515663,CR 1S-13,,,," $1,845.00 ", $922.50 ,,,, $11.83 
96515664,CR 1S-15,,,," $1,920.00 ", $960.00 ,,,, $11.83 
96515666,CR 1S-17,,,," $2,040.00 "," $1,020.00 ",,,, $11.83 
96515668,CR 1S-19,,,," $2,160.00 "," $1,080.00 ",,,, $11.83 
96515670,CR 1S-21,,,," $2,373.00 "," $1,186.50 ",,,, $11.83 
96515671,CR 1S-23,,,," $2,492.00 "," $1,246.00 ",,,, $11.83 
96515672,CR 1S-25,,,," $2,613.00 "," $1,306.50 ",,,, $11.83 
96515673,CR 1S-27,,,," $2,762.00 "," $1,381.00 ",,,, $11.83 
96515675,CR 1S-30,,,," $2,948.00 "," $1,474.00 ",,,, $11.83 
96515676,CR 1S-33,,,," $3,129.00 "," $1,564.50 ",,,, $11.83 
96515677,CR 1S-36,,,," $3,308.00 "," $1,654.00 ",,,, $11.83 
96516169,CR 1-2,,,," $1,294.00 ", $647.00 ,,,, $11.83 
96516170,CR 1-3,,,," $1,343.00 ", $671.50 ,,,, $11.83 
96516172,CR 1-4,,,," $1,393.00 ", $696.50 ,,,, $11.83 
96516173,CR 1-5,,,," $1,443.00 ", $721.50 ,,,, $11.83 
96516174,CR 1-6,,,," $1,494.00 ", $747.00 ,,,, $11.83 
96516176,CR 1-7,,,," $1,544.00 ", $772.00 ,,,, $11.83 
96516177,CR 1-8,,,," $1,583.00 ", $791.50 ,,,, $11.83 
96516178,CR 1-9,,,," $1,616.00 ", $808.00 ,,,, $11.83 
96516180,CR 1-10,,,," $1,694.00 ", $847.00 ,,,, $11.83 
96516181,CR 1-11,,,," $1,771.00 ", $885.50 ,,,, $11.83 
96516183,CR 1-12,,,," $1,849.00 ", $924.50 ,,,, $11.83 
96516185,CR 1-13,,,," $1,921.00 ", $960.50 ,,,, $11.83 
96516186,CR 1-15,,,," $2,076.00 "," $1,038.00 ",,,, $11.83 
96516188,CR 1-17,,,," $2,216.00 "," $1,108.00 ",,,, $11.83 
96516190,CR 1-19,,,," $2,371.00 "," $1,185.50 ",,,, $11.83 
96516192,CR 1-21,,,," $2,526.00 "," $1,263.00 ",,,, $11.83 
96516193,CR 1-23,,,," $2,688.00 "," $1,344.00 ",,,, $11.83 
96516239,CR 1-2,,,," $1,384.00 ", $692.00 ,,,, $11.83 
96516240,CR 1-3,,,," $1,434.00 ", $717.00 ,,,, $11.83 
96516241,CR 1-4,,,," $1,483.00 ", $741.50 ,,,, $11.83 
96516242,CR 1-5,,,," $1,534.00 ", $767.00 ,,,, $11.83 
96516243,CR 1-6,,,," $1,584.00 ", $792.00 ,,,, $11.83 
96516244,CR 1-7,,,," $1,634.00 ", $817.00 ,,,, $11.83 
96516245,CR 1-8,,,," $1,673.00 ", $836.50 ,,,, $11.83 
96516246,CR 1-10,,,," $1,784.00 ", $892.00 ,,,, $11.83 
96516247,CR 1-11,,,," $1,861.00 ", $930.50 ,,,, $11.83 
96516248,CR 1-12,,,," $1,939.00 ", $969.50 ,,,, $11.83 
96516249,CR 1-13,,,," $2,011.00 "," $1,005.50 ",,,, $11.83 
96516250,CR 1-15,,,," $2,166.00 "," $1,083.00 ",,,, $11.83 
96516251,CR 1-17,,,," $2,306.00 "," $1,153.00 ",,,, $11.83 
96516252,CR 1-19,,,," $2,461.00 "," $1,230.50 ",,,, $11.83 
96516253,CR 1-21,,,," $2,617.00 "," $1,308.50 ",,,, $11.83 
96516254,CR 1-23,,,," $2,778.00 "," $1,389.00 ",,,, $11.83 
96516255,CR 1-25,,,," $3,071.00 "," $1,535.50 ",,,, $11.83 
96516256,CR 1-27,,,," $3,225.00 "," $1,612.50 ",,,, $11.83 
96516257,CR 1-30,,,," $3,465.00 "," $1,732.50 ",,,, $11.83 
96516258,CR 1-33,,,," $3,887.00 "," $1,943.50 ",,,, $11.83 
96516259,CR 1-36,,,," $4,126.00 "," $2,063.00 ",,,, $11.83 
96516590,CR 3-2,,,," $1,283.00 ", $641.50 ,,,, $11.83 
96516591,CR 3-3,,,," $1,355.00 ", $677.50 ,,,, $11.83 
96516592,CR 3-4,,,," $1,433.00 ", $716.50 ,,,, $11.83 
96516593,CR 3-6,,,," $1,544.00 ", $772.00 ,,,, $11.83 
96516594,CR 3-7,,,," $1,620.00 ", $810.00 ,,,, $11.83 
96516595,CR 3-8,,,," $1,721.00 ", $860.50 ,,,, $11.83 
96516596,CR 3-9,,,," $1,799.00 ", $899.50 ,,,, $11.83 
96516597,CR 3-10,,,," $1,878.00 ", $939.00 ,,,, $11.83 
96516598,CR 3-11,,,," $1,988.00 ", $994.00 ,,,, $11.83 
96516599,CR 3-12,,,," $2,066.00 "," $1,033.00 ",,,, $11.83 
96516600,CR 3-13,,,," $2,143.00 "," $1,071.50 ",,,, $11.83 
96516601,CR 3-15,,,," $2,304.00 "," $1,152.00 ",,,, $11.83 
96516602,CR 3-17,,,," $2,627.00 "," $1,313.50 ",,,, $11.83 
96516603,CR 3-19,,,," $2,788.00 "," $1,394.00 ",,,, $11.83 
96516604,CR 3-21,,,," $2,860.00 "," $1,430.00 ",,,, $11.83 
96516605,CR 3-23,,,," $3,021.00 "," $1,510.50 ",,,, $11.83 
96516649,CR 3-2,,,," $1,373.00 ", $686.50 ,,,, $11.83 
96516650,CR 3-3,,,," $1,445.00 ", $722.50 ,,,, $11.83 
96516651,CR 3-4,,,," $1,523.00 ", $761.50 ,,,, $11.83 
96516652,CR 3-5,,,," $1,595.00 ", $797.50 ,,,, $11.83 
96516653,CR 3-6,,,," $1,634.00 ", $817.00 ,,,, $11.83 
96516654,CR 3-7,,,," $1,711.00 ", $855.50 ,,,, $11.83 
96516655,CR 3-8,,,," $1,811.00 ", $905.50 ,,,, $11.83 
96516656,CR 3-9,,,," $1,889.00 ", $944.50 ,,,, $11.83 
96516657,CR 3-10,,,," $1,968.00 ", $984.00 ,,,, $11.83 
96516658,CR 3-11,,,," $2,079.00 "," $1,039.50 ",,,, $11.83 
96516659,CR 3-12,,,," $2,156.00 "," $1,078.00 ",,,, $11.83 
96516660,CR 3-13,,,," $2,233.00 "," $1,116.50 ",,,, $11.83 
96516661,CR 3-15,,,," $2,395.00 "," $1,197.50 ",,,, $11.83 
96516662,CR 3-17,,,," $2,717.00 "," $1,358.50 ",,,, $11.83 
96516663,CR 3-19,,,," $2,878.00 "," $1,439.00 ",,,, $11.83 
96516664,CR 3-21,,,," $2,950.00 "," $1,475.00 ",,,, $11.83 
96516665,CR 3-23,,,," $3,111.00 "," $1,555.50 ",,,, $11.83 
96516666,CR 3-25,,,," $3,254.00 "," $1,627.00 ",,,, $11.83 
96516667,CR 3-27,,,," $3,409.00 "," $1,704.50 ",,,, $11.83 
96516668,CR 3-29,,,," $3,571.00 "," $1,785.50 ",,,, $11.83 
96516669,CR 3-31,,,," $3,748.00 "," $1,874.00 ",,,, $11.83 
96516670,CR 3-33,,,," $3,904.00 "," $1,952.00 ",,,, $11.83 
96516671,CR 3-36,,,," $4,142.00 "," $2,071.00 ",,,, $11.83 
96516975,CR 5-2,,,," $1,462.00 ", $731.00 ,,,, $11.83 
96516976,CR 5-3,,,," $1,532.00 ", $766.00 ,,,, $11.83 
96516977,CR 5-4,,,," $1,652.00 ", $826.00 ,,,, $11.83 
96516978,CR 5-5,,,," $1,776.00 ", $888.00 ,,,, $11.83 
96516979,CR 5-6,,,," $1,837.00 ", $918.50 ,,,, $11.83 
96516990,CR 5-7,,,," $1,912.00 ", $956.00 ,,,, $11.83 
96516991,CR 5-8,,,," $1,982.00 ", $991.00 ,,,, $11.83 
96516992,CR 5-9,,,," $2,276.00 "," $1,138.00 ",,,, $11.83 
96516993,CR 5-10,,,," $2,352.00 "," $1,176.00 ",,,, $11.83 
96516994,CR 5-11,,,," $2,564.00 "," $1,282.00 ",,,, $11.83 
96516995,CR 5-12,,,," $2,641.00 "," $1,320.50 ",,,, $11.83 
96516996,CR 5-13,,,," $2,716.00 "," $1,358.00 ",,,, $11.83 
96516997,CR 5-14,,,," $2,796.00 "," $1,398.00 ",,,, $11.83 
96516998,CR 5-15,,,," $2,874.00 "," $1,437.00 ",,,, $11.83 
96516999,CR 5-16,,,," $2,950.00 "," $1,475.00 ",,,, $11.83 
96517000,CR 5-18,,,," $3,286.00 "," $1,643.00 ",,,, $11.83 
96517001,CR 5-20,,,," $3,439.00 "," $1,719.50 ",,,, $11.83 
96517037,CR 5-2,,,," $1,549.00 ", $774.50 ,,,, $11.83 
96517038,CR 5-3,,,," $1,620.00 ", $810.00 ,,,, $11.83 
96517039,CR 5-4,,,," $1,740.00 ", $870.00 ,,,, $11.83 
96517040,CR 5-5,,,," $1,865.00 ", $932.50 ,,,, $11.83 
96517041,CR 5-6,,,," $1,925.00 ", $962.50 ,,,, $11.83 
96517042,CR 5-7,,,," $2,001.00 "," $1,000.50 ",,,, $11.83 
96517043,CR 5-9,,,," $2,364.00 "," $1,182.00 ",,,, $11.83 
96517044,CR 5-10,,,," $2,440.00 "," $1,220.00 ",,,, $11.83 
96517045,CR 5-11,,,," $2,652.00 "," $1,326.00 ",,,, $11.83 
96517046,CR 5-12,,,," $2,729.00 "," $1,364.50 ",,,, $11.83 
96517047,CR 5-13,,,," $2,804.00 "," $1,402.00 ",,,, $11.83 
96517048,CR 5-14,,,," $2,886.00 "," $1,443.00 ",,,, $11.83 
96517049,CR 5-15,,,," $2,962.00 "," $1,481.00 ",,,, $11.83 
96517050,CR 5-16,,,," $3,037.00 "," $1,518.50 ",,,, $11.83 
96517051,CR 5-18,,,," $3,373.00 "," $1,686.50 ",,,, $11.83 
96517052,CR 5-20,,,," $3,527.00 "," $1,763.50 ",,,, $11.83 
96578133,CR 5-22,,,," $3,618.00 "," $1,809.00 ",,,, $11.83 
98149308,CR 1-9,,,," $1,760.00 ", $880.00 ,,,, $11.83 
99141735,CR 95-1-1,,,," $6,478.00 "," $3,239.00 ",,,, $11.83 
99141736,CR 95-1,,,," $8,092.00 "," $4,046.00 ",,,, $11.83 
99141737,CR 95-2-2,,,," $10,596.00 "," $5,298.00 ",,,, $11.83 
99141738,CR 95-2,,,," $13,196.00 "," $6,598.00 ",,,, $11.83 
99141739,CR 95-3-2,,,," $15,460.00 "," $7,730.00 ",,,, $11.83 
99141740,CR 95-3,,,," $17,291.00 "," $8,645.50 ",,,, $11.83 
99141741,CR 95-4,,,," $18,543.00 "," $9,271.50 ",,,, $11.83 
99141742,CR 95-5,,,," $22,636.00 "," $11,318.00 ",,,, $11.83 
99142431,CR 125-1,,,," $11,052.00 "," $5,526.00 ",,,, $11.83 
99142432,CR 125-2-2,,,," $13,765.00 "," $6,882.50 ",,,, $11.83 
99142573,CR 125-2-1,,,," $16,127.00 "," $8,063.50 ",,,, $11.83 
99142574,CR 125-2,,,," $18,036.00 "," $9,018.00 ",,,, $11.83 
99143254,CR 155-1-1,,,," $11,103.00 "," $5,551.50 ",,,, $11.83 
99143255,CR 155-1,,,," $13,829.00 "," $6,914.50 ",,,, $11.83 
99143257,CR 155-2-2,,,," $18,119.00 "," $9,059.50 ",,,, $11.83 
99143711,CR 185-1-1,,,," $19,065.00 "," $9,532.50 ",,,, $11.83 
99143712,CR 185-1,,,," $20,926.00 "," $10,463.00 ",,,, $11.83 
99144179,CR 215-1-1,,,," $20,926.00 "," $10,463.00 ",,,, $11.83 
99744281,CR 95-7,,,," $30,335.00 "," $15,167.50 ",,,, $11.83 
99744904,CR 95-6,,,," $25,278.00 "," $12,639.00 ",,,, $11.83 
99748828,CR 95-8-2,,,," $32,562.00 "," $16,281.00 ",,,, $11.83 
99751479,CR 125-3-1,,,," $19,342.00 "," $9,671.00 ",,,, $11.83 
99751480,CR 125-3,,,," $19,973.00 "," $9,986.50 ",,,, $11.83 
99751482,CR 125-4-2,,,," $20,861.00 "," $10,430.50 ",,,, $11.83 
99751483,CR 125-4,,,," $26,409.00 "," $13,204.50 ",,,, $11.83 
99751486,CR 125-5,,,," $32,401.00 "," $16,200.50 ",,,, $11.83 
99751487,CR 155-2,,,," $17,990.00 "," $8,995.00 ",,,, $11.83 
99751488,CR 155-3-2,,,," $20,912.00 "," $10,456.00 ",,,, $11.83 
99751489,CR 155-3,,,," $26,474.00 "," $13,237.00 ",,,, $11.83 
99751490,CR 155-4-1,,,," $32,482.00 "," $16,241.00 ",,,, $11.83 
,,,,,,,,,,
,,,,,,,,,,
,,,,,,,,,,
,,,,,,,,,,
,,,,,,,,,,
,,,,,,,,,,
,,,,,,,,,,
,,,,,,,,,,
,,,,,,,,,,
,,,,,,,,,,
,,,,,,,,,,
,,,,,,,,,,
,,,,,,,,,,
,,,,,,,,,,
,,,,,,,,,,
,,,,,,,,,,
,,,,,,,,,,
,,,,,,,,,,
,,,,,,,,,,
,,,,,,,,,,
,,,,,,,,,,
,,,,,,,,,,
,,,,,,,,,,
,,,,,,,,,,
,,,,,,,,,,
,,,,,,,,,,
,,,,,,,,,,
,,,,,,,,,,
,,,,,,,,,,
,,,,,,,,,,
,,,,,,,,,,
,,,,,,,,,,
,,,,,,,,,,
,,,,,,,,,,
,,,,,,,,,,
,,,,,,,,,,
,,,,,,,,,,
,,,,,,,,,,
,,,,,,,,,,
,,,,,,,,,,
,,,,,,,,,,
,,,,,,,,,,
,,,,,,,,,,
,,,,,,,,,,
,,,,,,,,,,
,,,,,,,,,,
,,,,,,,,,,
,,,,,,,,,,
,,,,,,,,,,
,,,,,,,,,,
,,,,,,,,,,
,,,,,,,,,,
,,,,,,,,,,
,,,,,,,,,,
,,,,,,,,,,
,,,,,,,,,,
,,,,,,,,,,
,,,,,,,,,,
,,,,,,,,,,
,,,,,,,,,,
,,,,,,,,,,
,,,,,,,,,,
,,,,,,,,,,
,,,,,,,,,,
,,,,,,,,,,
,,,,,,,,,,
,,,,,,,,,,
,,,,,,,,,,
,,,,,,,,,,
,,,,,,,,,,
,,,,,,,,,,
,,,,,,,,,,
,,,,,,,,,,
,,,,,,,,,,
,,,,,,,,,,
,,,,,,,,,,
,,,,,,,,,,
,,,,,,,,,,
,,,,,,,,,,
,,,,,,,,,,
,,,,,,,,,,
,,,,,,,,,,
,,,,,,,,,,
,,,,,,,,,,
,,,,,,,,,,
,,,,,,,,,,
,,,,,,,,,,
,,,,,,,,,,
,,,,,,,,,,
,,,,,,,,,,
,,,,,,,,,,
,,,,,,,,,,
,,,,,,,,,,
,,,,,,,,,,
,,,,,,,,,,
,,,,,,,,,,
,,,,,,,,,,
,,,,,,,,,,
,,,,,,,,,,
,,,,,,,,,,
,,,,,,,,,,
,,,,,,,,,,
,,,,,,,,,,
,,,,,,,,,,
,,,,,,,,,,
,,,,,,,,,,
,,,,,,,,,,
,,,,,,,,,,
,,,,,,,,,,
,,,,,,,,,,
,,,,,,,,,,
,,,,,,,,,,
,,,,,,,,,,
,,,,,,,,,,
,,,,,,,,,,
,,,,,,,,,,
,,,,,,,,,,
,,,,,,,,,,
,,,,,,,,,,
,,,,,,,,,,
,,,,,,,,,,
,,,,,,,,,,
,,,,,,,,,,
,,,,,,,,,,
,,,,,,,,,,
,,,,,,,,,,
,,,,,,,,,,
,,,,,,,,,,
,,,,,,,,,,
,,,,,,,,,,
,,,,,,,,,,
,,,,,,,,,,
,,,,,,,,,,
,,,,,,,,,,
,,,,,,,,,,
,,,,,,,,,,
,,,,,,,,,,
,,,,,,,,,,
,,,,,,,,,,
,,,,,,,,,,
,,,,,,,,,,
,,,,,,,,,,
,,,,,,,,,,
,,,,,,,,,,
,,,,,,,,,,
,,,,,,,,,,
,,,,,,,,,,
,,,,,,,,,,
,,,,,,,,,,
,,,,,,,,,,
,,,,,,,,,,
,,,,,,,,,,
,,,,,,,,,,
,,,,,,,,,,
,,,,,,,,,,
,,,,,,,,,,
,,,,,,,,,,
,,,,,,,,,,
,,,,,,,,,,
,,,,,,,,,,
,,,,,,,,,,
,,,,,,,,,,
,,,,,,,,,,
,,,,,,,,,,
,,,,,,,,,,
,,,,,,,,,,
,,,,,,,,,,
,,,,,,,,,,
,,,,,,,,,,
,,,,,,,,,,
,,,,,,,,,,
,,,,,,,,,,
,,,,,,,,,,
,,,,,,,,,,
,,,,,,,,,,
,,,,,,,,,,
,,,,,,,,,,
,,,,,,,,,,
,,,,,,,,,,
,,,,,,,,,,
,,,,,,,,,,
,,,,,,,,,,
,,,,,,,,,,
,,,,,,,,,,
,,,,,,,,,,
,,,,,,,,,,
,,,,,,,,,,
,,,,,,,,,,
,,,,,,,,,,
,,,,,,,,,,
,,,,,,,,,,
,,,,,,,,,,
,,,,,,,,,,
,,,,,,,,,,
,,,,,,,,,,
,,,,,,,,,,
,,,,,,,,,,
,,,,,,,,,,
,,,,,,,,,,
,,,,,,,,,,
,,,,,,,,,,
,,,,,,,,,,
,,,,,,,,,,
,,,,,,,,,,
,,,,,,,,,,
,,,,,,,,,,
,,,,,,,,,,
,,,,,,,,,,
,,,,,,,,,,
,,,,,,,,,,
,,,,,,,,,,
,,,,,,,,,,
,,,,,,,,,,
,,,,,,,,,,
,,,,,,,,,,
,,,,,,,,,,
,,,,,,,,,,
,,,,,,,,,,
,,,,,,,,,,
,,,,,,,,,,
,,,,,,,,,,
,,,,,,,,,,
,,,,,,,,,,
,,,,,,,,,,
,,,,,,,,,,
,,,,,,,,,,
,,,,,,,,,,
,,,,,,,,,,
,,,,,,,,,,
,,,,,,,,,,
,,,,,,,,,,
,,,,,,,,,,
,,,,,,,,,,
,,,,,,,,,,
,,,,,,,,,,
,,,,,,,,,,
,,,,,,,,,,
,,,,,,,,,,
,,,,,,,,,,
,,,,,,,,,,
,,,,,,,,,,
,,,,,,,,,,
,,,,,,,,,,
,,,,,,,,,,
,,,,,,,,,,
,,,,,,,,,,
,,,,,,,,,,
,,,,,,,,,,
,,,,,,,,,,
,,,,,,,,,,
,,,,,,,,,,
,,,,,,,,,,
,,,,,,,,,,
,,,,,,,,,,
,,,,,,,,,,
,,,,,,,,,,
,,,,,,,,,,
,,,,,,,,,,
,,,,,,,,,,
,,,,,,,,,,
,,,,,,,,,,
,,,,,,,,,,
,,,,,,,,,,
,,,,,,,,,,
,,,,,,,,,,
,,,,,,,,,,
,,,,,,,,,,
,,,,,,,,,,
,,,,,,,,,,
,,,,,,,,,,
,,,,,,,,,,
,,,,,,,,,,
,,,,,,,,,,
,,,,,,,,,,
,,,,,,,,,,
,,,,,,,,,,
,,,,,,,,,,
,,,,,,,,,,
,,,,,,,,,,
,,,,,,,,,,
,,,,,,,,,,
,,,,,,,,,,
,,,,,,,,,,
,,,,,,,,,,
,,,,,,,,,,
,,,,,,,,,,
,,,,,,,,,,
,,,,,,,,,,
,,,,,,,,,,
,,,,,,,,,,
,,,,,,,,,,
,,,,,,,,,,
,,,,,,,,,,
,,,,,,,,,,
,,,,,,,,,,
,,,,,,,,,,
,,,,,,,,,,
,,,,,,,,,,
,,,,,,,,,,
,,,,,,,,,,
,,,,,,,,,,
,,,,,,,,,,
,,,,,,,,,,
,,,,,,,,,,
,,,,,,,,,,
,,,,,,,,,,
,,,,,,,,,,
,,,,,,,,,,
,,,,,,,,,,
,,,,,,,,,,
,,,,,,,,,,
,,,,,,,,,,
,,,,,,,,,,
,,,,,,,,,,
,,,,,,,,,,
,,,,,,,,,,
,,,,,,,,,,
,,,,,,,,,,
,,,,,,,,,,
,,,,,,,,,,
,,,,,,,,,,
,,,,,,,,,,
,,,,,,,,,,
,,,,,,,,,,
,,,,,,,,,,
,,,,,,,,,,
,,,,,,,,,,
,,,,,,,,,,
,,,,,,,,,,
,,,,,,,,,,
,,,,,,,,,,
,,,,,,,,,,
,,,,,,,,,,
,,,,,,,,,,
,,,,,,,,,,
,,,,,,,,,,
,,,,,,,,,,
,,,,,,,,,,
,,,,,,,,,,
,,,,,,,,,,
,,,,,,,,,,
,,,,,,,,,,
,,,,,,,,,,
,,,,,,,,,,
,,,,,,,,,,
,,,,,,,,,,
,,,,,,,,,,
,,,,,,,,,,
,,,,,,,,,,
,,,,,,,,,,
,,,,,,,,,,
,,,,,,,,,,
,,,,,,,,,,
,,,,,,,,,,
,,,,,,,,,,
,,,,,,,,,,
,,,,,,,,,,
,,,,,,,,,,
,,,,,,,,,,
,,,,,,,,,,
,,,,,,,,,,
,,,,,,,,,,
,,,,,,,,,,
,,,,,,,,,,
,,,,,,,,,,
,,,,,,,,,,
,,,,,,,,,,
,,,,,,,,,,
,,,,,,,,,,
,,,,,,,,,,
,,,,,,,,,,
,,,,,,,,,,
,,,,,,,,,,
,,,,,,,,,,
,,,,,,,,,,
,,,,,,,,,,
,,,,,,,,,,
,,,,,,,,,,
,,,,,,,,,,
,,,,,,,,,,
,,,,,,,,,,
,,,,,,,,,,
,,,,,,,,,,
,,,,,,,,,,
,,,,,,,,,,
,,,,,,,,,,
,,,,,,,,,,
,,,,,,,,,,
,,,,,,,,,,
,,,,,,,,,,
,,,,,,,,,,
,,,,,,,,,,
,,,,,,,,,,
,,,,,,,,,,
,,,,,,,,,,
,,,,,,,,,,
,,,,,,,,,,
,,,,,,,,,,
,,,,,,,,,,
,,,,,,,,,,
,,,,,,,,,,
,,,,,,,,,,
,,,,,,,,,,
,,,,,,,,,,
,,,,,,,,,,
,,,,,,,,,,
,,,,,,,,,,
,,,,,,,,,,
,,,,,,,,,,
,,,,,,,,,,
,,,,,,,,,,
,,,,,,,,,,
,,,,,,,,,,
,,,,,,,,,,
,,,,,,,,,,
,,,,,,,,,,
,,,,,,,,,,
,,,,,,,,,,
,,,,,,,,,,
,,,,,,,,,,
,,,,,,,,,,
,,,,,,,,,,
,,,,,,,,,,
,,,,,,,,,,
,,,,,,,,,,
,,,,,,,,,,
,,,,,,,,,,
,,,,,,,,,,
,,,,,,,,,,
,,,,,,,,,,
,,,,,,,,,,
,,,,,,,,,,
,,,,,,,,,,
,,,,,,,,,,
,,,,,,,,,,
,,,,,,,,,,
,,,,,,,,,,
,,,,,,,,,,
,,,,,,,,,,
,,,,,,,,,,
,,,,,,,,,,
,,,,,,,,,,
,,,,,,,,,,
,,,,,,,,,,
,,,,,,,,,,
,,,,,,,,,,
,,,,,,,,,,
,,,,,,,,,,
,,,,,,,,,,
,,,,,,,,,,
,,,,,,,,,,
,,,,,,,,,,
,,,,,,,,,,
,,,,,,,,,,
,,,,,,,,,,
,,,,,,,,,,
,,,,,,,,,,
,,,,,,,,,,
,,,,,,,,,,
,,,,,,,,,,
,,,,,,,,,,
,,,,,,,,,,
,,,,,,,,,,
,,,,,,,,,,
,,,,,,,,,,
,,,,,,,,,,
,,,,,,,,,,
,,,,,,,,,,
,,,,,,,,,,
,,,,,,,,,,
,,,,,,,,,,
,,,,,,,,,,
,,,,,,,,,,
,,,,,,,,,,
,,,,,,,,,,
,,,,,,,,,,
,,,,,,,,,,
,,,,,,,,,,
,,,,,,,,,,
,,,,,,,,,,
,,,,,,,,,,
,,,,,,,,,,
,,,,,,,,,,
,,,,,,,,,,
,,,,,,,,,,
,,,,,,,,,,
,,,,,,,,,,
,,,,,,,,,,
,,,,,,,,,,
,,,,,,,,,,
,,,,,,,,,,
,,,,,,,,,,
,,,,,,,,,,
,,,,,,,,,,
,,,,,,,,,,
,,,,,,,,,,
,,,,,,,,,,
